{"cameraMode":{"drawMode":0,"name":"Shaded","section":"Shading Mode"},"sceneLighting":false,"audioPlay":false,"sceneViewState":{"showFog":true,"showMaterialUpdate":true,"showSkybox":false,"showFlares":true,"showImageEffects":true,"showParticleSystems":true},"in2DMode":false,"pivot":{"x":0.008000016212463379,"y":3.3587751388549806,"z":-0.5299999713897705},"rotation":{"x":-0.03144153952598572,"y":0.1398831158876419,"z":-0.004817341919988394,"w":-0.9897392988204956},"size":3.249011993408203,"orthographic":false}