{"cameraMode":{"drawMode":0,"name":"Shaded","section":"Shading Mode"},"sceneLighting":true,"audioPlay":false,"sceneViewState":{"showFog":true,"showMaterialUpdate":true,"showSkybox":true,"showFlares":true,"showImageEffects":true,"showParticleSystems":true},"in2DMode":false,"pivot":{"x":0.008000016212463379,"y":15.38800048828125,"z":-0.5299999713897705},"rotation":{"x":0.010589569807052613,"y":-0.1657341569662094,"z":0.002211273182183504,"w":0.9861854314804077},"size":20.987472534179689,"orthographic":false}