{"cameraMode":{"drawMode":0,"name":"Shaded","section":"Shading Mode"},"sceneLighting":false,"audioPlay":false,"sceneViewState":{"showFog":true,"showMaterialUpdate":true,"showSkybox":false,"showFlares":true,"showImageEffects":true,"showParticleSystems":true},"in2DMode":false,"pivot":{"x":0.008000016212463379,"y":2.8439247608184816,"z":-0.5299999117851257},"rotation":{"x":-0.006249385420233011,"y":0.08929884433746338,"z":-0.000953111273702234,"w":-0.9960663914680481},"size":3.0293638706207277,"orthographic":false}